,Angle,Mean
0,10,0.8803652293973595
1,20,0.7574634458928525
2,30,0.8861060656473339
3,40,0.6642146671205271
4,50,0.6679112589062475
