,Angle,Mean
0,10,1.2099044754464257
1,20,0.9542243582366327
2,30,1.2369520098214188
3,40,0.8942933137053586
4,50,0.7941712093526944
