,Angle,Mean
0,10,7.899026560814762
1,20,7.361157933875029
2,30,6.219141476957535
3,40,7.758001071875038
