,Angle,Mean
0,10,4.74310350100445
1,20,8.230630763392876
2,30,0.00949206507366071
3,40,4.339410511627236
4,50,5.170905697270049
