,Angle,Mean
0,10,34.445886466517706
1,20,33.8306920558036
2,30,26.8312023571428
3,40,18.08267815000009
