,Angle,Mean
0,10,55.55117720312499
1,20,73.14081178794694
2,30,80.6972565825891
3,40,114.55482082589131
